MODULARITY;ENTROPY;ARI;K2;LAMBDA;RHO;TIME;ACTIVATION
0.6834;0.0393;0.1759;2;0.0000;0.5000;7.4293;sigmoid
0.6679;0.0393;0.1821;2;0.0000;0.5000;7.2022;relu
0.6640;0.0394;0.1426;2;0.0000;0.5500;24.9633;sigmoid
0.6893;0.0391;0.2280;2;0.0000;0.5500;24.9333;relu
0.7200;0.0393;0.1925;2;0.0000;0.7500;24.8237;sigmoid
0.7362;0.0391;0.2444;2;0.0000;0.7500;24.8062;relu
0.7509;0.0389;0.2531;2;0.0000;0.9500;24.8943;sigmoid
0.7737;0.0390;0.2397;2;0.0000;0.9500;25.0883;relu
0.7371;0.0389;0.2451;2;0.0000;0.9950;24.8669;sigmoid
0.7350;0.0390;0.2404;2;0.0000;0.9950;24.9821;relu
0.6028;0.0396;0.1083;2;0.0000;0.5000;7.2370;sigmoid
0.5452;0.0398;0.0928;2;0.0000;0.5000;7.1334;relu
0.6195;0.0396;0.1079;2;0.0000;0.5500;26.3562;sigmoid
0.5498;0.0399;0.0785;2;0.0000;0.5500;25.8013;relu
0.7075;0.0393;0.1772;2;0.0000;0.7500;25.9511;sigmoid
0.6448;0.0396;0.0628;2;0.0000;0.7500;25.6972;relu
0.7698;0.0389;0.2269;2;0.0000;0.9500;26.0069;sigmoid
0.7655;0.0391;0.1774;2;0.0000;0.9500;25.8904;relu
0.7565;0.0389;0.2237;2;0.0000;0.9950;26.4035;sigmoid
0.7581;0.0388;0.2284;2;0.0000;0.9950;26.3203;relu
0.5860;0.0397;0.0869;2;0.0000;0.5000;7.2806;sigmoid
0.5359;0.0399;0.0442;2;0.0000;0.5000;7.1600;relu
0.5882;0.0397;0.0959;2;0.0000;0.5500;26.0683;sigmoid
0.5991;0.0397;0.1005;2;0.0000;0.5500;25.8796;relu
0.6868;0.0392;0.1676;2;0.0000;0.7500;26.7080;sigmoid
0.6745;0.0393;0.1570;2;0.0000;0.7500;25.8258;relu
0.7392;0.0392;0.1786;2;0.0000;0.9500;25.9294;sigmoid
0.7596;0.0392;0.1495;2;0.0000;0.9500;25.9178;relu
0.7590;0.0388;0.2927;2;0.0000;0.9950;26.4144;sigmoid
0.7339;0.0390;0.2135;2;0.0000;0.9950;26.5627;relu
0.5846;0.0397;0.0949;2;0.0000;0.5000;7.3417;sigmoid
0.5427;0.0399;0.0707;2;0.0000;0.5000;7.2253;relu
0.6034;0.0396;0.1094;2;0.0000;0.5500;26.3200;sigmoid
0.5495;0.0398;0.0857;2;0.0000;0.5500;25.5760;relu
0.6406;0.0394;0.1459;2;0.0000;0.7500;26.2205;sigmoid
0.6348;0.0396;0.0657;2;0.0000;0.7500;25.8660;relu
0.7530;0.0389;0.2114;2;0.0000;0.9500;26.3967;sigmoid
0.7457;0.0392;0.2077;2;0.0000;0.9500;26.1179;relu
0.7357;0.0390;0.2243;2;0.0000;0.9950;26.4987;sigmoid
0.7271;0.0390;0.2112;2;0.0000;0.9950;26.4815;relu
0.6130;0.0396;0.1073;2;0.0000;0.5000;7.2773;sigmoid
0.5679;0.0397;0.0803;2;0.0000;0.5000;7.1893;relu
0.5973;0.0397;0.1278;2;0.0000;0.5500;25.9373;sigmoid
0.5997;0.0396;0.1123;2;0.0000;0.5500;25.3146;relu
0.6668;0.0393;0.1719;2;0.0000;0.7500;26.3678;sigmoid
0.6323;0.0397;0.0620;2;0.0000;0.7500;26.9470;relu
0.7423;0.0390;0.1862;2;0.0000;0.9500;26.7186;sigmoid
0.7547;0.0391;0.2224;2;0.0000;0.9500;26.4669;relu
0.7597;0.0388;0.2247;2;0.0000;0.9950;26.8143;sigmoid
0.7515;0.0388;0.2338;2;0.0000;0.9950;26.7514;relu
0.5861;0.0396;0.1221;2;0.0000;0.5000;7.5310;sigmoid
0.5726;0.0397;0.0830;2;0.0000;0.5000;7.1203;relu
0.5599;0.0398;0.0787;2;0.0000;0.5500;25.8756;sigmoid
0.6001;0.0396;0.1195;2;0.0000;0.5500;25.5736;relu
0.6266;0.0395;0.1500;2;0.0000;0.7500;26.1400;sigmoid
0.6459;0.0395;0.0857;2;0.0000;0.7500;25.9632;relu
0.7216;0.0391;0.1958;2;0.0000;0.9500;26.6427;sigmoid
0.7463;0.0392;0.1935;2;0.0000;0.9500;26.6183;relu
0.7448;0.0387;0.2442;2;0.0000;0.9950;27.8697;sigmoid
0.7547;0.0389;0.2448;2;0.0000;0.9950;26.6123;relu
0.5652;0.0398;0.0869;2;0.0001;0.5000;7.3016;sigmoid
0.5402;0.0398;0.0869;2;0.0001;0.5000;7.1687;relu
0.5331;0.0397;0.1064;2;0.0001;0.5500;25.6776;sigmoid
0.5428;0.0398;0.0868;2;0.0001;0.5500;24.5752;relu
0.6666;0.0392;0.1941;2;0.0001;0.7500;26.3702;sigmoid
0.6632;0.0394;0.1636;2;0.0001;0.7500;25.1320;relu
0.7214;0.0392;0.1737;2;0.0001;0.9500;26.8529;sigmoid
0.7537;0.0392;0.1754;2;0.0001;0.9500;26.5825;relu
0.7257;0.0391;0.1768;2;0.0001;0.9950;26.9660;sigmoid
0.7376;0.0390;0.2436;2;0.0001;0.9950;26.9741;relu
0.5307;0.0399;0.0647;2;0.0010;0.5000;7.2582;sigmoid
0.5421;0.0397;0.1107;2;0.0010;0.5000;7.2847;relu
0.5395;0.0398;0.0766;2;0.0010;0.5500;25.0958;sigmoid
0.5380;0.0397;0.0950;2;0.0010;0.5500;24.6834;relu
0.6086;0.0395;0.1215;2;0.0010;0.7500;25.2968;sigmoid
0.6438;0.0396;0.0734;2;0.0010;0.7500;24.4957;relu
0.7233;0.0391;0.1997;2;0.0010;0.9500;26.8529;sigmoid
0.7552;0.0391;0.1891;2;0.0010;0.9500;25.3136;relu
0.7274;0.0389;0.2407;2;0.0010;0.9950;27.2614;sigmoid
0.7440;0.0389;0.2210;2;0.0010;0.9950;26.1141;relu
0.5188;0.0399;0.0681;2;0.0100;0.5000;7.2673;sigmoid
0.5320;0.0398;0.0963;2;0.0100;0.5000;7.2100;relu
0.5392;0.0397;0.1150;2;0.0100;0.5500;25.1441;sigmoid
0.5283;0.0397;0.1087;2;0.0100;0.5500;24.6995;relu
0.6214;0.0395;0.1157;2;0.0100;0.7500;24.9023;sigmoid
0.6552;0.0395;0.1113;2;0.0100;0.7500;24.8777;relu
0.7070;0.0391;0.1757;2;0.0100;0.9500;25.7600;sigmoid
0.7495;0.0391;0.1950;2;0.0100;0.9500;24.5644;relu
0.7218;0.0390;0.2083;2;0.0100;0.9950;26.0777;sigmoid
0.7330;0.0391;0.2176;2;0.0100;0.9950;24.8081;relu
0.5111;0.0399;0.0564;2;0.1000;0.5000;7.2149;sigmoid
0.3694;0.0403;0.0108;2;0.1000;0.5000;7.4048;relu
0.5160;0.0398;0.0720;2;0.1000;0.5500;24.7927;sigmoid
0.5222;0.0399;0.0604;2;0.1000;0.5500;24.5037;relu
0.5737;0.0396;0.1103;2;0.1000;0.7500;24.7708;sigmoid
0.6891;0.0393;0.1649;2;0.1000;0.7500;24.4923;relu
0.7086;0.0393;0.1507;2;0.1000;0.9500;24.8751;sigmoid
0.7342;0.0393;0.1839;2;0.1000;0.9500;24.7015;relu
0.6909;0.0393;0.1707;2;0.1000;0.9950;24.8671;sigmoid
0.7302;0.0394;0.1321;2;0.1000;0.9950;24.7964;relu
0.3648;0.0401;0.0218;2;1.0000;0.5000;7.2784;sigmoid
0.6279;0.0394;0.1155;2;1.0000;0.5000;7.1759;relu
0.4607;0.0399;0.0641;2;1.0000;0.5500;24.8734;sigmoid
0.4395;0.0401;0.0194;2;1.0000;0.5500;26.3483;relu
0.6275;0.0397;0.0567;2;1.0000;0.7500;24.8542;sigmoid
0.6290;0.0397;0.0354;2;1.0000;0.7500;24.4442;relu
0.7028;0.0393;0.1598;2;1.0000;0.9500;24.7172;sigmoid
0.7560;0.0392;0.1116;2;1.0000;0.9500;24.3515;relu
0.6903;0.0394;0.1505;2;1.0000;0.9950;24.7542;sigmoid
0.7384;0.0394;0.0911;2;1.0000;0.9950;24.4622;relu
0.4128;0.0399;0.0404;2;10.0000;0.5000;7.2570;sigmoid
0.4475;0.0397;0.0770;2;10.0000;0.5000;7.0900;relu
0.4573;0.0399;0.0446;2;10.0000;0.5500;24.6659;sigmoid
0.4282;0.0397;0.0496;2;10.0000;0.5500;25.1303;relu
0.5529;0.0396;0.1119;2;10.0000;0.7500;24.6337;sigmoid
0.5501;0.0394;0.0973;2;10.0000;0.7500;24.6414;relu
0.7278;0.0392;0.1662;2;10.0000;0.9500;25.1116;sigmoid
0.7124;0.0394;0.0711;2;10.0000;0.9500;25.3113;relu
0.7394;0.0392;0.1650;2;10.0000;0.9950;25.1091;sigmoid
0.7388;0.0395;0.0773;2;10.0000;0.9950;24.6142;relu
0.6840;0.0393;0.2040;4;0.0000;0.5000;8.6216;sigmoid
0.6558;0.0394;0.1553;4;0.0000;0.5000;8.4237;relu
0.6672;0.0394;0.1427;4;0.0000;0.5500;26.3555;sigmoid
0.6725;0.0394;0.1570;4;0.0000;0.5500;26.0135;relu
0.7392;0.0392;0.1595;4;0.0000;0.7500;26.4163;sigmoid
0.7425;0.0391;0.2373;4;0.0000;0.7500;25.9621;relu
0.7713;0.0389;0.2291;4;0.0000;0.9500;26.2941;sigmoid
0.7680;0.0389;0.2666;4;0.0000;0.9500;26.0447;relu
0.7306;0.0390;0.2542;4;0.0000;0.9950;26.4113;sigmoid
0.7348;0.0389;0.2197;4;0.0000;0.9950;26.0879;relu
0.6112;0.0395;0.1181;4;0.0000;0.5000;8.6652;sigmoid
0.5749;0.0397;0.1111;4;0.0000;0.5000;8.4513;relu
0.6157;0.0395;0.1235;4;0.0000;0.5500;27.3989;sigmoid
0.6109;0.0396;0.1280;4;0.0000;0.5500;26.8963;relu
0.6976;0.0392;0.1899;4;0.0000;0.7500;27.1852;sigmoid
0.6580;0.0394;0.0953;4;0.0000;0.7500;27.0680;relu
0.7693;0.0390;0.2403;4;0.0000;0.9500;27.3978;sigmoid
0.7571;0.0390;0.2247;4;0.0000;0.9500;27.1205;relu
0.7409;0.0389;0.2447;4;0.0000;0.9950;27.8012;sigmoid
0.7437;0.0389;0.2443;4;0.0000;0.9950;27.3184;relu
0.5794;0.0396;0.1201;4;0.0000;0.5000;8.7284;sigmoid
0.5446;0.0398;0.0594;4;0.0000;0.5000;8.6567;relu
0.5855;0.0396;0.1108;4;0.0000;0.5500;27.4627;sigmoid
0.5743;0.0397;0.1063;4;0.0000;0.5500;27.0242;relu
0.6558;0.0393;0.1800;4;0.0000;0.7500;27.2716;sigmoid
0.6859;0.0392;0.1894;4;0.0000;0.7500;27.3475;relu
0.7588;0.0388;0.2930;4;0.0000;0.9500;27.5451;sigmoid
0.7561;0.0390;0.2350;4;0.0000;0.9500;27.2850;relu
0.7108;0.0391;0.1713;4;0.0000;0.9950;28.0040;sigmoid
0.7269;0.0389;0.2431;4;0.0000;0.9950;27.5051;relu
0.5801;0.0395;0.1314;4;0.0000;0.5000;8.7553;sigmoid
0.5487;0.0398;0.1013;4;0.0000;0.5000;8.6210;relu
0.5858;0.0395;0.1191;4;0.0000;0.5500;27.5247;sigmoid
0.5649;0.0397;0.0933;4;0.0000;0.5500;27.4859;relu
0.6836;0.0392;0.1938;4;0.0000;0.7500;27.6811;sigmoid
0.6396;0.0395;0.1109;4;0.0000;0.7500;27.4427;relu
0.7513;0.0389;0.2334;4;0.0000;0.9500;27.8541;sigmoid
0.7637;0.0389;0.2193;4;0.0000;0.9500;27.3589;relu
0.7656;0.0387;0.2608;4;0.0000;0.9950;27.8066;sigmoid
0.7334;0.0390;0.2131;4;0.0000;0.9950;27.8426;relu
0.5968;0.0395;0.1239;4;0.0000;0.5000;8.6774;sigmoid
0.5590;0.0398;0.0897;4;0.0000;0.5000;8.4892;relu
0.5835;0.0396;0.1133;4;0.0000;0.5500;27.1487;sigmoid
0.5501;0.0398;0.1039;4;0.0000;0.5500;26.9291;relu
0.6353;0.0393;0.1739;4;0.0000;0.7500;27.5733;sigmoid
0.6655;0.0394;0.1201;4;0.0000;0.7500;27.3668;relu
0.7389;0.0390;0.1817;4;0.0000;0.9500;28.0319;sigmoid
0.7530;0.0390;0.2171;4;0.0000;0.9500;27.6842;relu
0.7384;0.0389;0.2078;4;0.0000;0.9950;27.8023;sigmoid
0.7521;0.0389;0.2515;4;0.0000;0.9950;27.8674;relu
0.5551;0.0396;0.1137;4;0.0000;0.5000;8.6616;sigmoid
0.5391;0.0398;0.0927;4;0.0000;0.5000;8.4563;relu
0.5612;0.0396;0.1125;4;0.0000;0.5500;27.1022;sigmoid
0.5606;0.0397;0.0809;4;0.0000;0.5500;26.5653;relu
0.6305;0.0393;0.1608;4;0.0000;0.7500;28.1941;sigmoid
0.6607;0.0396;0.1146;4;0.0000;0.7500;27.0141;relu
0.7417;0.0389;0.2333;4;0.0000;0.9500;28.1758;sigmoid
0.7520;0.0391;0.2128;4;0.0000;0.9500;28.1160;relu
0.7425;0.0388;0.2625;4;0.0000;0.9950;28.1902;sigmoid
0.7466;0.0388;0.2652;4;0.0000;0.9950;28.1073;relu
0.5829;0.0394;0.1392;4;0.0001;0.5000;8.7136;sigmoid
0.5347;0.0398;0.0867;4;0.0001;0.5000;8.4466;relu
0.5499;0.0396;0.1107;4;0.0001;0.5500;26.9833;sigmoid
0.5324;0.0398;0.1098;4;0.0001;0.5500;26.3039;relu
0.6667;0.0391;0.2199;4;0.0001;0.7500;27.3019;sigmoid
0.6753;0.0394;0.1241;4;0.0001;0.7500;26.5297;relu
0.7318;0.0390;0.2148;4;0.0001;0.9500;28.4072;sigmoid
0.7404;0.0391;0.1909;4;0.0001;0.9500;28.0586;relu
0.7218;0.0390;0.2500;4;0.0001;0.9950;28.4621;sigmoid
0.7430;0.0389;0.2444;4;0.0001;0.9950;28.7070;relu
0.5389;0.0397;0.0817;4;0.0010;0.5000;8.7443;sigmoid
0.5378;0.0397;0.1129;4;0.0010;0.5000;8.4584;relu
0.5526;0.0395;0.1232;4;0.0010;0.5500;26.3885;sigmoid
0.5438;0.0397;0.1066;4;0.0010;0.5500;26.1085;relu
0.6407;0.0392;0.1631;4;0.0010;0.7500;26.8302;sigmoid
0.6972;0.0393;0.2102;4;0.0010;0.7500;26.1226;relu
0.7348;0.0390;0.2291;4;0.0010;0.9500;28.0892;sigmoid
0.7408;0.0391;0.1934;4;0.0010;0.9500;27.2187;relu
0.7211;0.0389;0.2497;4;0.0010;0.9950;28.6228;sigmoid
0.7399;0.0389;0.2413;4;0.0010;0.9950;28.1148;relu
0.5276;0.0396;0.1110;4;0.0100;0.5000;9.2155;sigmoid
0.5519;0.0397;0.1363;4;0.0100;0.5000;8.5057;relu
0.5274;0.0397;0.1080;4;0.0100;0.5500;26.1137;sigmoid
0.5298;0.0397;0.1147;4;0.0100;0.5500;25.9337;relu
0.6218;0.0393;0.1922;4;0.0100;0.7500;26.3458;sigmoid
0.6316;0.0393;0.1911;4;0.0100;0.7500;26.0184;relu
0.7258;0.0390;0.2614;4;0.0100;0.9500;27.4200;sigmoid
0.7549;0.0389;0.2210;4;0.0100;0.9500;26.1296;relu
0.7120;0.0388;0.2678;4;0.0100;0.9950;27.7450;sigmoid
0.7443;0.0390;0.2394;4;0.0100;0.9950;26.1315;relu
0.4668;0.0397;0.1037;4;0.1000;0.5000;8.5677;sigmoid
0.5166;0.0398;0.0988;4;0.1000;0.5000;8.5061;relu
0.5101;0.0396;0.1102;4;0.1000;0.5500;26.0841;sigmoid
0.6230;0.0394;0.1565;4;0.1000;0.5500;26.2123;relu
0.6408;0.0394;0.1456;4;0.1000;0.7500;26.0667;sigmoid
0.6338;0.0395;0.1024;4;0.1000;0.7500;25.9227;relu
0.7259;0.0390;0.2197;4;0.1000;0.9500;25.9953;sigmoid
0.7509;0.0391;0.2042;4;0.1000;0.9500;26.1165;relu
0.6990;0.0391;0.2094;4;0.1000;0.9950;26.2820;sigmoid
0.7368;0.0392;0.1394;4;0.1000;0.9950;26.2508;relu
0.4597;0.0396;0.0957;4;1.0000;0.5000;8.6817;sigmoid
0.5309;0.0398;0.0508;4;1.0000;0.5000;8.3422;relu
0.5157;0.0394;0.1375;4;1.0000;0.5500;26.1525;sigmoid
0.4696;0.0400;0.0266;4;1.0000;0.5500;26.3669;relu
0.6293;0.0393;0.1517;4;1.0000;0.7500;27.3589;sigmoid
0.6114;0.0395;0.1710;4;1.0000;0.7500;26.4430;relu
0.7243;0.0391;0.2075;4;1.0000;0.9500;26.6507;sigmoid
0.7122;0.0393;0.1791;4;1.0000;0.9500;26.3805;relu
0.7054;0.0393;0.1414;4;1.0000;0.9950;26.1905;sigmoid
0.6924;0.0393;0.1266;4;1.0000;0.9950;26.2146;relu
0.4715;0.0396;0.1244;4;10.0000;0.5000;8.7009;sigmoid
0.4227;0.0392;0.1645;4;10.0000;0.5000;8.4754;relu
0.4605;0.0394;0.1701;4;10.0000;0.5500;26.2929;sigmoid
0.4594;0.0392;0.1731;4;10.0000;0.5500;26.2718;relu
0.5971;0.0393;0.1923;4;10.0000;0.7500;26.2239;sigmoid
0.5708;0.0392;0.1847;4;10.0000;0.7500;26.1793;relu
0.6958;0.0393;0.1178;4;10.0000;0.9500;26.3765;sigmoid
0.7119;0.0394;0.0925;4;10.0000;0.9500;26.3646;relu
0.7238;0.0394;0.1093;4;10.0000;0.9950;26.3939;sigmoid
0.7134;0.0392;0.1920;4;10.0000;0.9950;26.2302;relu
0.6975;0.0391;0.2322;5;0.0000;0.5000;9.0790;sigmoid
0.6622;0.0394;0.1457;5;0.0000;0.5000;8.8379;relu
0.6476;0.0394;0.1477;5;0.0000;0.5500;26.8837;sigmoid
0.6715;0.0394;0.1632;5;0.0000;0.5500;27.0207;relu
0.7390;0.0390;0.2366;5;0.0000;0.7500;26.7179;sigmoid
0.7436;0.0391;0.2519;5;0.0000;0.7500;26.7422;relu
0.7536;0.0390;0.2450;5;0.0000;0.9500;27.3220;sigmoid
0.7745;0.0391;0.1963;5;0.0000;0.9500;26.9135;relu
0.7527;0.0389;0.2538;5;0.0000;0.9950;27.0284;sigmoid
0.7237;0.0391;0.1673;5;0.0000;0.9950;26.8829;relu
0.5988;0.0395;0.1401;5;0.0000;0.5000;9.1258;sigmoid
0.5432;0.0398;0.1009;5;0.0000;0.5000;8.9408;relu
0.6217;0.0395;0.1218;5;0.0000;0.5500;27.5943;sigmoid
0.5622;0.0397;0.0983;5;0.0000;0.5500;27.7838;relu
0.7124;0.0391;0.2337;5;0.0000;0.7500;28.0003;sigmoid
0.6758;0.0393;0.1254;5;0.0000;0.7500;27.8500;relu
0.7590;0.0390;0.2424;5;0.0000;0.9500;28.1323;sigmoid
0.7590;0.0389;0.2183;5;0.0000;0.9500;28.0700;relu
0.7315;0.0389;0.2272;5;0.0000;0.9950;28.2953;sigmoid
0.7217;0.0390;0.2669;5;0.0000;0.9950;28.0232;relu
0.5898;0.0396;0.1173;5;0.0000;0.5000;9.1089;sigmoid
0.5470;0.0398;0.0845;5;0.0000;0.5000;8.8636;relu
0.6013;0.0395;0.1279;5;0.0000;0.5500;28.0719;sigmoid
0.5475;0.0398;0.0958;5;0.0000;0.5500;28.4785;relu
0.6539;0.0393;0.1639;5;0.0000;0.7500;28.4234;sigmoid
0.6681;0.0393;0.1454;5;0.0000;0.7500;27.8371;relu
0.7510;0.0392;0.1774;5;0.0000;0.9500;28.3392;sigmoid
0.7523;0.0390;0.1911;5;0.0000;0.9500;27.9978;relu
0.7149;0.0390;0.1936;5;0.0000;0.9950;28.7398;sigmoid
0.7491;0.0390;0.2427;5;0.0000;0.9950;28.1751;relu
0.6081;0.0394;0.1543;5;0.0000;0.5000;9.1370;sigmoid
0.5599;0.0397;0.1015;5;0.0000;0.5000;8.8925;relu
0.6494;0.0392;0.1814;5;0.0000;0.5500;28.0960;sigmoid
0.5531;0.0398;0.0996;5;0.0000;0.5500;27.7877;relu
0.6707;0.0393;0.1680;5;0.0000;0.7500;28.2824;sigmoid
0.6691;0.0392;0.1433;5;0.0000;0.7500;27.9447;relu
0.7506;0.0389;0.2297;5;0.0000;0.9500;28.8135;sigmoid
0.7542;0.0390;0.1862;5;0.0000;0.9500;28.4010;relu
0.7354;0.0389;0.2384;5;0.0000;0.9950;28.7325;sigmoid
0.7252;0.0388;0.2843;5;0.0000;0.9950;28.8998;relu
0.5855;0.0396;0.1169;5;0.0000;0.5000;9.1850;sigmoid
0.5400;0.0398;0.0947;5;0.0000;0.5000;8.9105;relu
0.5894;0.0395;0.1233;5;0.0000;0.5500;28.2122;sigmoid
0.6091;0.0396;0.1024;5;0.0000;0.5500;27.8981;relu
0.6769;0.0391;0.1844;5;0.0000;0.7500;28.4860;sigmoid
0.6344;0.0395;0.1130;5;0.0000;0.7500;28.2273;relu
0.7248;0.0390;0.2055;5;0.0000;0.9500;28.8157;sigmoid
0.7527;0.0390;0.2083;5;0.0000;0.9500;28.4706;relu
0.7529;0.0389;0.2461;5;0.0000;0.9950;28.8799;sigmoid
0.7332;0.0390;0.2163;5;0.0000;0.9950;28.7286;relu
0.5918;0.0394;0.1672;5;0.0000;0.5000;9.2255;sigmoid
0.6051;0.0395;0.1464;5;0.0000;0.5000;9.0746;relu
0.6022;0.0395;0.1495;5;0.0000;0.5500;28.0057;sigmoid
0.5485;0.0398;0.0998;5;0.0000;0.5500;26.9492;relu
0.6608;0.0391;0.2014;5;0.0000;0.7500;28.6228;sigmoid
0.6377;0.0395;0.1124;5;0.0000;0.7500;27.6456;relu
0.7418;0.0390;0.2405;5;0.0000;0.9500;28.9284;sigmoid
0.7516;0.0390;0.2111;5;0.0000;0.9500;28.7367;relu
0.7458;0.0388;0.2279;5;0.0000;0.9950;28.8508;sigmoid
0.7340;0.0390;0.2335;5;0.0000;0.9950;28.9027;relu
0.5597;0.0396;0.1205;5;0.0001;0.5000;9.2162;sigmoid
0.5341;0.0398;0.1055;5;0.0001;0.5000;8.9495;relu
0.5808;0.0394;0.1421;5;0.0001;0.5500;27.9912;sigmoid
0.5795;0.0396;0.1225;5;0.0001;0.5500;27.1262;relu
0.6415;0.0392;0.1933;5;0.0001;0.7500;28.0374;sigmoid
0.6601;0.0393;0.1529;5;0.0001;0.7500;27.2501;relu
0.7324;0.0389;0.2445;5;0.0001;0.9500;29.1858;sigmoid
0.7574;0.0389;0.2249;5;0.0001;0.9500;28.7398;relu
0.7319;0.0391;0.1857;5;0.0001;0.9950;29.1535;sigmoid
0.7530;0.0389;0.2247;5;0.0001;0.9950;29.1283;relu
0.5450;0.0396;0.1173;5;0.0010;0.5000;9.2853;sigmoid
0.5288;0.0398;0.1102;5;0.0010;0.5000;8.8638;relu
0.5488;0.0396;0.1192;5;0.0010;0.5500;27.0796;sigmoid
0.5717;0.0395;0.1333;5;0.0010;0.5500;26.8635;relu
0.6359;0.0392;0.1616;5;0.0010;0.7500;27.4752;sigmoid
0.6234;0.0395;0.0916;5;0.0010;0.7500;27.1034;relu
0.7293;0.0389;0.2493;5;0.0010;0.9500;28.6619;sigmoid
0.7543;0.0391;0.2175;5;0.0010;0.9500;27.6694;relu
0.7084;0.0391;0.1789;5;0.0010;0.9950;29.3602;sigmoid
0.7444;0.0389;0.2417;5;0.0010;0.9950;28.5693;relu
0.5326;0.0396;0.1158;5;0.0100;0.5000;9.1725;sigmoid
0.5198;0.0397;0.1090;5;0.0100;0.5000;8.9434;relu
0.5473;0.0395;0.1249;5;0.0100;0.5500;26.9705;sigmoid
0.5712;0.0396;0.1447;5;0.0100;0.5500;26.5017;relu
0.6208;0.0393;0.1583;5;0.0100;0.7500;26.8425;sigmoid
0.6903;0.0393;0.1233;5;0.0100;0.7500;26.5183;relu
0.7187;0.0389;0.2464;5;0.0100;0.9500;27.9310;sigmoid
0.7211;0.0391;0.1968;5;0.0100;0.9500;26.9841;relu
0.7001;0.0388;0.2664;5;0.0100;0.9950;29.0193;sigmoid
0.7277;0.0391;0.2258;5;0.0100;0.9950;26.7403;relu
0.5174;0.0395;0.1303;5;0.1000;0.5000;9.0596;sigmoid
0.5210;0.0398;0.1009;5;0.1000;0.5000;8.7976;relu
0.5224;0.0395;0.1399;5;0.1000;0.5500;27.0882;sigmoid
0.5853;0.0396;0.1227;5;0.1000;0.5500;26.8558;relu
0.6168;0.0392;0.1548;5;0.1000;0.7500;27.0570;sigmoid
0.6846;0.0394;0.0908;5;0.1000;0.7500;26.7166;relu
0.7350;0.0389;0.2315;5;0.1000;0.9500;27.1593;sigmoid
0.7474;0.0391;0.1953;5;0.1000;0.9500;26.7375;relu
0.7080;0.0391;0.1811;5;0.1000;0.9950;27.3549;sigmoid
0.7209;0.0393;0.1339;5;0.1000;0.9950;27.1986;relu
0.4594;0.0398;0.0959;5;1.0000;0.5000;9.1373;sigmoid
0.4971;0.0399;0.0287;5;1.0000;0.5000;8.8189;relu
0.4873;0.0395;0.1259;5;1.0000;0.5500;27.1412;sigmoid
0.4617;0.0400;0.0243;5;1.0000;0.5500;26.6268;relu
0.5447;0.0395;0.1267;5;1.0000;0.7500;26.9418;sigmoid
0.6113;0.0396;0.0830;5;1.0000;0.7500;26.6555;relu
0.7217;0.0390;0.2345;5;1.0000;0.9500;26.9723;sigmoid
0.7078;0.0395;0.0842;5;1.0000;0.9500;26.5133;relu
0.7289;0.0391;0.1717;5;1.0000;0.9950;26.9500;sigmoid
0.7295;0.0393;0.1356;5;1.0000;0.9950;26.4015;relu
0.4798;0.0395;0.1832;5;10.0000;0.5000;9.2340;sigmoid
0.4471;0.0390;0.2355;5;10.0000;0.5000;8.8261;relu
0.4468;0.0396;0.1140;5;10.0000;0.5500;26.9175;sigmoid
0.4448;0.0391;0.2275;5;10.0000;0.5500;26.5633;relu
0.6079;0.0393;0.1926;5;10.0000;0.7500;26.8523;sigmoid
0.5686;0.0392;0.1686;5;10.0000;0.7500;26.8912;relu
0.7212;0.0392;0.1541;5;10.0000;0.9500;26.8073;sigmoid
0.7272;0.0392;0.0942;5;10.0000;0.9500;26.7784;relu
0.7180;0.0392;0.1549;5;10.0000;0.9950;26.8567;sigmoid
0.7266;0.0392;0.1322;5;10.0000;0.9950;26.6856;relu
0.6594;0.0395;0.1319;6;0.0000;0.5000;9.2727;sigmoid
0.6539;0.0395;0.1530;6;0.0000;0.5000;9.0116;relu
0.6632;0.0394;0.1399;6;0.0000;0.5500;27.0918;sigmoid
0.6851;0.0393;0.1959;6;0.0000;0.5500;26.9433;relu
0.7060;0.0392;0.2012;6;0.0000;0.7500;26.8524;sigmoid
0.7458;0.0391;0.2429;6;0.0000;0.7500;27.1676;relu
0.7707;0.0389;0.2281;6;0.0000;0.9500;27.2350;sigmoid
0.7664;0.0390;0.2348;6;0.0000;0.9500;27.0960;relu
0.7450;0.0389;0.2498;6;0.0000;0.9950;26.9256;sigmoid
0.7297;0.0388;0.3052;6;0.0000;0.9950;27.0949;relu
0.6453;0.0392;0.1952;6;0.0000;0.5000;9.3515;sigmoid
0.5515;0.0398;0.1005;6;0.0000;0.5000;9.0056;relu
0.6445;0.0393;0.1849;6;0.0000;0.5500;27.9219;sigmoid
0.6077;0.0395;0.1576;6;0.0000;0.5500;27.3894;relu
0.6985;0.0392;0.1909;6;0.0000;0.7500;28.0069;sigmoid
0.6805;0.0393;0.1348;6;0.0000;0.7500;27.8810;relu
0.7608;0.0390;0.2212;6;0.0000;0.9500;28.1138;sigmoid
0.7565;0.0390;0.2377;6;0.0000;0.9500;27.8335;relu
0.7383;0.0390;0.2418;6;0.0000;0.9950;28.1156;sigmoid
0.7144;0.0391;0.1738;6;0.0000;0.9950;28.0651;relu
0.6274;0.0393;0.1669;6;0.0000;0.5000;9.5911;sigmoid
0.5551;0.0398;0.0997;6;0.0000;0.5000;9.0649;relu
0.6121;0.0395;0.1337;6;0.0000;0.5500;27.8860;sigmoid
0.5516;0.0398;0.0867;6;0.0000;0.5500;27.7675;relu
0.6531;0.0393;0.1782;6;0.0000;0.7500;28.5179;sigmoid
0.6619;0.0394;0.1158;6;0.0000;0.7500;28.2354;relu
0.7541;0.0390;0.2150;6;0.0000;0.9500;28.1798;sigmoid
0.7443;0.0392;0.2112;6;0.0000;0.9500;28.0369;relu
0.7209;0.0390;0.2565;6;0.0000;0.9950;28.9314;sigmoid
0.7139;0.0390;0.2437;6;0.0000;0.9950;28.2977;relu
0.5748;0.0396;0.1204;6;0.0000;0.5000;9.2832;sigmoid
0.5627;0.0397;0.0977;6;0.0000;0.5000;8.9669;relu
0.5821;0.0395;0.1505;6;0.0000;0.5500;28.3626;sigmoid
0.5614;0.0397;0.1013;6;0.0000;0.5500;27.8590;relu
0.6718;0.0391;0.1813;6;0.0000;0.7500;28.5268;sigmoid
0.6551;0.0394;0.1287;6;0.0000;0.7500;28.1799;relu
0.7545;0.0388;0.2411;6;0.0000;0.9500;28.9551;sigmoid
0.7567;0.0389;0.2188;6;0.0000;0.9500;28.5784;relu
0.7528;0.0389;0.2472;6;0.0000;0.9950;28.9042;sigmoid
0.7347;0.0390;0.2155;6;0.0000;0.9950;29.2963;relu
0.5736;0.0396;0.1227;6;0.0000;0.5000;9.2304;sigmoid
0.6006;0.0395;0.1536;6;0.0000;0.5000;8.9980;relu
0.5913;0.0395;0.1238;6;0.0000;0.5500;28.2112;sigmoid
0.5771;0.0397;0.1030;6;0.0000;0.5500;28.1231;relu
0.6671;0.0392;0.2223;6;0.0000;0.7500;28.3552;sigmoid
0.6699;0.0393;0.1233;6;0.0000;0.7500;28.3552;relu
0.7466;0.0390;0.1939;6;0.0000;0.9500;28.5644;sigmoid
0.7519;0.0390;0.2228;6;0.0000;0.9500;28.3349;relu
0.7453;0.0388;0.2225;6;0.0000;0.9950;28.7771;sigmoid
0.7507;0.0387;0.2952;6;0.0000;0.9950;28.4426;relu
0.5714;0.0395;0.1190;6;0.0000;0.5000;9.2962;sigmoid
0.5473;0.0398;0.0524;6;0.0000;0.5000;9.0094;relu
0.5601;0.0395;0.1175;6;0.0000;0.5500;27.8070;sigmoid
0.5385;0.0399;0.0738;6;0.0000;0.5500;26.9837;relu
0.6462;0.0392;0.1910;6;0.0000;0.7500;28.6599;sigmoid
0.6705;0.0393;0.1900;6;0.0000;0.7500;27.9914;relu
0.7391;0.0389;0.2840;6;0.0000;0.9500;28.8312;sigmoid
0.7550;0.0390;0.2168;6;0.0000;0.9500;29.1653;relu
0.7509;0.0388;0.3087;6;0.0000;0.9950;29.1209;sigmoid
0.7376;0.0389;0.2213;6;0.0000;0.9950;29.1048;relu
0.5336;0.0397;0.0983;6;0.0001;0.5000;9.4386;sigmoid
0.5390;0.0397;0.0930;6;0.0001;0.5000;8.9715;relu
0.5443;0.0396;0.1207;6;0.0001;0.5500;27.3529;sigmoid
0.5548;0.0397;0.0977;6;0.0001;0.5500;26.8248;relu
0.6468;0.0393;0.1642;6;0.0001;0.7500;27.8571;sigmoid
0.6194;0.0396;0.0751;6;0.0001;0.7500;27.2477;relu
0.7316;0.0389;0.2505;6;0.0001;0.9500;28.9638;sigmoid
0.7528;0.0390;0.2319;6;0.0001;0.9500;28.9405;relu
0.7404;0.0389;0.2627;6;0.0001;0.9950;29.0931;sigmoid
0.7376;0.0390;0.2377;6;0.0001;0.9950;29.0640;relu
0.5567;0.0395;0.1504;6;0.0010;0.5000;9.3363;sigmoid
0.5265;0.0397;0.1053;6;0.0010;0.5000;9.0931;relu
0.5516;0.0395;0.1148;6;0.0010;0.5500;27.2106;sigmoid
0.5418;0.0397;0.1132;6;0.0010;0.5500;26.7958;relu
0.6485;0.0392;0.2235;6;0.0010;0.7500;27.7521;sigmoid
0.6613;0.0393;0.1363;6;0.0010;0.7500;26.8540;relu
0.7371;0.0390;0.2457;6;0.0010;0.9500;28.8157;sigmoid
0.7606;0.0389;0.2117;6;0.0010;0.9500;27.8006;relu
0.7095;0.0390;0.2590;6;0.0010;0.9950;29.4422;sigmoid
0.7270;0.0390;0.2647;6;0.0010;0.9950;28.6761;relu
0.5388;0.0394;0.1359;6;0.0100;0.5000;9.2015;sigmoid
0.5271;0.0397;0.1152;6;0.0100;0.5000;8.9245;relu
0.5038;0.0397;0.0827;6;0.0100;0.5500;26.7713;sigmoid
0.5771;0.0395;0.1903;6;0.0100;0.5500;26.5464;relu
0.6098;0.0392;0.1725;6;0.0100;0.7500;27.9361;sigmoid
0.6768;0.0393;0.1262;6;0.0100;0.7500;26.7648;relu
0.7395;0.0388;0.2825;6;0.0100;0.9500;27.3469;sigmoid
0.7413;0.0389;0.2251;6;0.0100;0.9500;26.9373;relu
0.6877;0.0391;0.1829;6;0.0100;0.9950;28.9648;sigmoid
0.7394;0.0390;0.2217;6;0.0100;0.9950;26.7865;relu
0.4717;0.0398;0.0873;6;0.1000;0.5000;9.3127;sigmoid
0.5065;0.0399;0.0810;6;0.1000;0.5000;8.9533;relu
0.5014;0.0395;0.1286;6;0.1000;0.5500;26.9561;sigmoid
0.5150;0.0399;0.0678;6;0.1000;0.5500;26.5386;relu
0.6097;0.0393;0.1533;6;0.1000;0.7500;26.9393;sigmoid
0.6224;0.0394;0.1573;6;0.1000;0.7500;26.6957;relu
0.7339;0.0390;0.2433;6;0.1000;0.9500;27.0539;sigmoid
0.7455;0.0391;0.2011;6;0.1000;0.9500;26.7873;relu
0.6994;0.0389;0.2822;6;0.1000;0.9950;27.0473;sigmoid
0.7300;0.0391;0.2020;6;0.1000;0.9950;27.8430;relu
0.3943;0.0397;0.0823;6;1.0000;0.5000;9.3173;sigmoid
0.4758;0.0400;0.0266;6;1.0000;0.5000;8.9849;relu
0.4720;0.0399;0.0774;6;1.0000;0.5500;26.7916;sigmoid
0.4683;0.0400;0.0264;6;1.0000;0.5500;26.7535;relu
0.5934;0.0393;0.1649;6;1.0000;0.7500;26.8792;sigmoid
0.5859;0.0397;0.0735;6;1.0000;0.7500;26.7561;relu
0.7123;0.0391;0.1637;6;1.0000;0.9500;26.8652;sigmoid
0.7423;0.0393;0.0694;6;1.0000;0.9500;26.5906;relu
0.7133;0.0392;0.1621;6;1.0000;0.9950;26.7767;sigmoid
0.7385;0.0393;0.1163;6;1.0000;0.9950;26.5123;relu
0.4257;0.0397;0.0778;6;10.0000;0.5000;9.2351;sigmoid
0.4705;0.0389;0.1981;6;10.0000;0.5000;8.8859;relu
0.4561;0.0393;0.2184;6;10.0000;0.5500;26.7631;sigmoid
0.4185;0.0389;0.1819;6;10.0000;0.5500;26.4835;relu
0.5704;0.0394;0.1369;6;10.0000;0.7500;26.8554;sigmoid
0.6123;0.0389;0.2503;6;10.0000;0.7500;26.4988;relu
0.7007;0.0392;0.1539;6;10.0000;0.9500;26.9169;sigmoid
0.7469;0.0389;0.2603;6;10.0000;0.9500;26.5412;relu
0.7264;0.0391;0.1682;6;10.0000;0.9950;27.1536;sigmoid
0.7589;0.0391;0.1790;6;10.0000;0.9950;26.7516;relu
0.6707;0.0394;0.1474;7;0.0000;0.5000;9.3906;sigmoid
0.6608;0.0394;0.1412;7;0.0000;0.5000;9.0335;relu
0.7065;0.0393;0.1884;7;0.0000;0.5500;27.4312;sigmoid
0.6675;0.0394;0.1668;7;0.0000;0.5500;26.9336;relu
0.7384;0.0392;0.1959;7;0.0000;0.7500;27.5331;sigmoid
0.7489;0.0391;0.2333;7;0.0000;0.7500;27.0143;relu
0.7755;0.0388;0.2416;7;0.0000;0.9500;27.3234;sigmoid
0.7741;0.0389;0.2510;7;0.0000;0.9500;27.3267;relu
0.7351;0.0390;0.1986;7;0.0000;0.9950;27.5552;sigmoid
0.7131;0.0390;0.2560;7;0.0000;0.9950;26.9786;relu
0.5993;0.0396;0.1192;7;0.0000;0.5000;9.5322;sigmoid
0.5249;0.0399;0.0475;7;0.0000;0.5000;9.3499;relu
0.6086;0.0395;0.1310;7;0.0000;0.5500;28.5225;sigmoid
0.5438;0.0398;0.0963;7;0.0000;0.5500;28.0358;relu
0.6993;0.0392;0.1959;7;0.0000;0.7500;28.6169;sigmoid
0.6307;0.0395;0.0843;7;0.0000;0.7500;27.5677;relu
0.7631;0.0391;0.1647;7;0.0000;0.9500;28.2648;sigmoid
0.7620;0.0390;0.2119;7;0.0000;0.9500;28.4649;relu
0.7047;0.0389;0.2487;7;0.0000;0.9950;28.6467;sigmoid
0.7386;0.0389;0.2536;7;0.0000;0.9950;28.5485;relu
0.5953;0.0395;0.1168;7;0.0000;0.5000;9.5245;sigmoid
0.5525;0.0398;0.1018;7;0.0000;0.5000;9.1794;relu
0.5922;0.0395;0.1207;7;0.0000;0.5500;28.4331;sigmoid
0.6181;0.0395;0.1527;7;0.0000;0.5500;28.1431;relu
0.6601;0.0392;0.1718;7;0.0000;0.7500;28.5275;sigmoid
0.6482;0.0396;0.0708;7;0.0000;0.7500;28.4714;relu
0.7452;0.0389;0.2672;7;0.0000;0.9500;28.7797;sigmoid
0.7505;0.0391;0.2334;7;0.0000;0.9500;28.4611;relu
0.7344;0.0389;0.2121;7;0.0000;0.9950;29.0894;sigmoid
0.7374;0.0390;0.2332;7;0.0000;0.9950;28.8890;relu
0.5771;0.0396;0.1261;7;0.0000;0.5000;9.5410;sigmoid
0.5419;0.0398;0.1034;7;0.0000;0.5000;9.1713;relu
0.6226;0.0395;0.1364;7;0.0000;0.5500;28.5687;sigmoid
0.5404;0.0399;0.0788;7;0.0000;0.5500;28.2021;relu
0.6682;0.0391;0.2389;7;0.0000;0.7500;29.0627;sigmoid
0.6570;0.0393;0.1433;7;0.0000;0.7500;28.2677;relu
0.7485;0.0390;0.2342;7;0.0000;0.9500;28.6529;sigmoid
0.7566;0.0391;0.2040;7;0.0000;0.9500;28.6855;relu
0.7290;0.0391;0.1939;7;0.0000;0.9950;29.3244;sigmoid
0.7263;0.0389;0.2731;7;0.0000;0.9950;28.9305;relu
0.5828;0.0395;0.1261;7;0.0000;0.5000;9.7223;sigmoid
0.5501;0.0398;0.0965;7;0.0000;0.5000;9.2204;relu
0.5915;0.0395;0.1268;7;0.0000;0.5500;28.9496;sigmoid
0.5509;0.0398;0.0751;7;0.0000;0.5500;27.9698;relu
0.6710;0.0392;0.1830;7;0.0000;0.7500;29.0643;sigmoid
0.6268;0.0395;0.0944;7;0.0000;0.7500;28.5377;relu
0.7466;0.0389;0.2388;7;0.0000;0.9500;29.1754;sigmoid
0.7455;0.0392;0.1906;7;0.0000;0.9500;28.7836;relu
0.7477;0.0388;0.2634;7;0.0000;0.9950;29.5718;sigmoid
0.7219;0.0391;0.1814;7;0.0000;0.9950;28.8052;relu
0.5938;0.0395;0.1380;7;0.0000;0.5000;9.6310;sigmoid
0.6146;0.0396;0.0950;7;0.0000;0.5000;9.2728;relu
0.5781;0.0394;0.1266;7;0.0000;0.5500;28.1427;sigmoid
0.5419;0.0398;0.0885;7;0.0000;0.5500;27.2214;relu
0.6714;0.0391;0.2038;7;0.0000;0.7500;29.0970;sigmoid
0.6240;0.0395;0.0847;7;0.0000;0.7500;28.8155;relu
0.7302;0.0389;0.2234;7;0.0000;0.9500;29.2297;sigmoid
0.7486;0.0391;0.2144;7;0.0000;0.9500;29.0075;relu
0.7329;0.0390;0.2328;7;0.0000;0.9950;29.2832;sigmoid
0.7208;0.0390;0.2440;7;0.0000;0.9950;29.0474;relu
0.5448;0.0395;0.1376;7;0.0001;0.5000;9.4608;sigmoid
0.5488;0.0398;0.0915;7;0.0001;0.5000;9.1801;relu
0.5739;0.0395;0.1302;7;0.0001;0.5500;27.4991;sigmoid
0.5524;0.0397;0.0978;7;0.0001;0.5500;27.1085;relu
0.6565;0.0391;0.2467;7;0.0001;0.7500;28.6439;sigmoid
0.6531;0.0394;0.1411;7;0.0001;0.7500;27.3954;relu
0.7272;0.0390;0.2582;7;0.0001;0.9500;29.3288;sigmoid
0.7501;0.0390;0.1659;7;0.0001;0.9500;29.0385;relu
0.7375;0.0389;0.2579;7;0.0001;0.9950;29.4079;sigmoid
0.7368;0.0390;0.2383;7;0.0001;0.9950;29.5277;relu
0.5508;0.0395;0.1197;7;0.0010;0.5000;9.6416;sigmoid
0.5371;0.0397;0.1072;7;0.0010;0.5000;9.2590;relu
0.5834;0.0394;0.1469;7;0.0010;0.5500;27.7250;sigmoid
0.5365;0.0397;0.1093;7;0.0010;0.5500;26.9258;relu
0.6275;0.0392;0.1873;7;0.0010;0.7500;27.8587;sigmoid
0.6493;0.0393;0.1538;7;0.0010;0.7500;27.4211;relu
0.7257;0.0389;0.2391;7;0.0010;0.9500;29.2855;sigmoid
0.7563;0.0389;0.2230;7;0.0010;0.9500;28.2522;relu
0.7352;0.0389;0.2399;7;0.0010;0.9950;29.8203;sigmoid
0.7412;0.0389;0.2623;7;0.0010;0.9950;29.0297;relu
0.5293;0.0395;0.1346;7;0.0100;0.5000;9.3788;sigmoid
0.5294;0.0397;0.1035;7;0.0100;0.5000;9.2093;relu
0.5785;0.0394;0.1954;7;0.0100;0.5500;27.4278;sigmoid
0.5299;0.0397;0.1145;7;0.0100;0.5500;26.9779;relu
0.6292;0.0392;0.1700;7;0.0100;0.7500;27.2115;sigmoid
0.6311;0.0394;0.1403;7;0.0100;0.7500;26.9289;relu
0.7098;0.0390;0.2331;7;0.0100;0.9500;28.5369;sigmoid
0.7597;0.0389;0.2334;7;0.0100;0.9500;27.3339;relu
0.7259;0.0389;0.2519;7;0.0100;0.9950;28.7885;sigmoid
0.7164;0.0392;0.1787;7;0.0100;0.9950;27.4014;relu
0.4982;0.0396;0.1051;7;0.1000;0.5000;9.5568;sigmoid
0.4785;0.0399;0.0503;7;0.1000;0.5000;9.1397;relu
0.5068;0.0395;0.1277;7;0.1000;0.5500;27.2690;sigmoid
0.5213;0.0398;0.0791;7;0.1000;0.5500;27.1272;relu
0.6144;0.0393;0.1694;7;0.1000;0.7500;27.1371;sigmoid
0.6582;0.0392;0.1923;7;0.1000;0.7500;26.9835;relu
0.7218;0.0389;0.2625;7;0.1000;0.9500;27.4500;sigmoid
0.7484;0.0390;0.1966;7;0.1000;0.9500;26.7332;relu
0.7090;0.0391;0.2061;7;0.1000;0.9950;27.3488;sigmoid
0.7599;0.0389;0.2454;7;0.1000;0.9950;26.8330;relu
0.4051;0.0399;0.0510;7;1.0000;0.5000;9.3798;sigmoid
0.5780;0.0395;0.1223;7;1.0000;0.5000;9.1634;relu
0.4941;0.0395;0.1416;7;1.0000;0.5500;27.3839;sigmoid
0.4709;0.0400;0.0268;7;1.0000;0.5500;27.1153;relu
0.5598;0.0394;0.1445;7;1.0000;0.7500;27.6618;sigmoid
0.5894;0.0396;0.0900;7;1.0000;0.7500;26.8508;relu
0.7295;0.0389;0.2214;7;1.0000;0.9500;27.9313;sigmoid
0.7245;0.0392;0.1274;7;1.0000;0.9500;27.0621;relu
0.7414;0.0392;0.1309;7;1.0000;0.9950;27.2421;sigmoid
0.7335;0.0394;0.1210;7;1.0000;0.9950;26.9328;relu
0.4836;0.0394;0.1577;7;10.0000;0.5000;9.5046;sigmoid
0.5342;0.0390;0.1941;7;10.0000;0.5000;9.1363;relu
0.4269;0.0395;0.1144;7;10.0000;0.5500;26.9598;sigmoid
0.4317;0.0390;0.1977;7;10.0000;0.5500;26.8682;relu
0.5770;0.0392;0.1975;7;10.0000;0.7500;26.8424;sigmoid
0.5764;0.0390;0.1787;7;10.0000;0.7500;26.8122;relu
0.7292;0.0389;0.2420;7;10.0000;0.9500;27.1828;sigmoid
0.7426;0.0390;0.1866;7;10.0000;0.9500;27.0114;relu
0.7129;0.0392;0.1578;7;10.0000;0.9950;27.0218;sigmoid
0.7403;0.0391;0.1762;7;10.0000;0.9950;26.7030;relu
0.6569;0.0394;0.1547;10;0.0000;0.5000;12.2571;sigmoid
0.6833;0.0393;0.2129;10;0.0000;0.5000;12.9164;relu
0.6581;0.0395;0.1624;10;0.0000;0.5500;30.3380;sigmoid
0.6759;0.0393;0.1559;10;0.0000;0.5500;30.0466;relu
0.7360;0.0391;0.2388;10;0.0000;0.7500;30.5827;sigmoid
0.7472;0.0391;0.2371;10;0.0000;0.7500;29.6844;relu
0.7688;0.0390;0.2183;10;0.0000;0.9500;30.3381;sigmoid
0.7650;0.0390;0.1855;10;0.0000;0.9500;29.8583;relu
0.7225;0.0388;0.2873;10;0.0000;0.9950;30.1943;sigmoid
0.7414;0.0389;0.2498;10;0.0000;0.9950;29.7897;relu
0.5981;0.0397;0.0713;10;0.0000;0.5000;12.5020;sigmoid
0.5973;0.0396;0.1223;10;0.0000;0.5000;12.2008;relu
0.6287;0.0394;0.1593;10;0.0000;0.5500;31.2172;sigmoid
0.6277;0.0394;0.1615;10;0.0000;0.5500;30.5595;relu
0.6697;0.0392;0.1809;10;0.0000;0.7500;31.2084;sigmoid
0.6375;0.0395;0.1142;10;0.0000;0.7500;30.8038;relu
0.7575;0.0390;0.2391;10;0.0000;0.9500;31.1869;sigmoid
0.7540;0.0391;0.2053;10;0.0000;0.9500;30.7613;relu
0.7398;0.0389;0.2507;10;0.0000;0.9950;31.4332;sigmoid
0.7247;0.0390;0.2597;10;0.0000;0.9950;31.2663;relu
0.6079;0.0395;0.1537;10;0.0000;0.5000;12.7037;sigmoid
0.5531;0.0398;0.1004;10;0.0000;0.5000;11.9215;relu
0.6165;0.0394;0.1505;10;0.0000;0.5500;31.4556;sigmoid
0.5674;0.0398;0.0865;10;0.0000;0.5500;30.6686;relu
0.6943;0.0389;0.2328;10;0.0000;0.7500;31.4794;sigmoid
0.6425;0.0394;0.1437;10;0.0000;0.7500;30.7230;relu
0.7459;0.0390;0.2417;10;0.0000;0.9500;31.7859;sigmoid
0.7664;0.0389;0.2774;10;0.0000;0.9500;31.1385;relu
0.7516;0.0388;0.2600;10;0.0000;0.9950;31.7583;sigmoid
0.7316;0.0390;0.1989;10;0.0000;0.9950;31.8004;relu
0.5854;0.0395;0.1267;10;0.0000;0.5000;12.6517;sigmoid
0.5412;0.0398;0.0853;10;0.0000;0.5000;12.2500;relu
0.5851;0.0395;0.1337;10;0.0000;0.5500;31.5543;sigmoid
0.5427;0.0399;0.0742;10;0.0000;0.5500;30.9444;relu
0.6860;0.0390;0.2494;10;0.0000;0.7500;31.5925;sigmoid
0.6797;0.0393;0.2167;10;0.0000;0.7500;31.2308;relu
0.7484;0.0389;0.2343;10;0.0000;0.9500;31.9562;sigmoid
0.7565;0.0389;0.2356;10;0.0000;0.9500;31.1569;relu
0.7697;0.0387;0.2749;10;0.0000;0.9950;32.0922;sigmoid
0.7492;0.0387;0.3123;10;0.0000;0.9950;32.1621;relu
0.5655;0.0395;0.1290;10;0.0000;0.5000;12.4615;sigmoid
0.5586;0.0397;0.1001;10;0.0000;0.5000;12.0301;relu
0.6348;0.0392;0.1791;10;0.0000;0.5500;31.8425;sigmoid
0.5858;0.0397;0.1018;10;0.0000;0.5500;31.0452;relu
0.6969;0.0390;0.2500;10;0.0000;0.7500;32.3358;sigmoid
0.6745;0.0393;0.1518;10;0.0000;0.7500;32.4320;relu
0.7456;0.0389;0.2344;10;0.0000;0.9500;32.5731;sigmoid
0.7609;0.0390;0.2395;10;0.0000;0.9500;32.0215;relu
0.7467;0.0388;0.3088;10;0.0000;0.9950;32.6349;sigmoid
0.7426;0.0389;0.2327;10;0.0000;0.9950;32.5992;relu
0.5540;0.0396;0.1135;10;0.0000;0.5000;12.7004;sigmoid
0.5506;0.0398;0.0649;10;0.0000;0.5000;12.0815;relu
0.5578;0.0396;0.1291;10;0.0000;0.5500;31.4888;sigmoid
0.6190;0.0394;0.1666;10;0.0000;0.5500;30.0234;relu
0.6585;0.0392;0.2253;10;0.0000;0.7500;31.9809;sigmoid
0.6363;0.0395;0.0805;10;0.0000;0.7500;31.0168;relu
0.7481;0.0388;0.2454;10;0.0000;0.9500;32.6665;sigmoid
0.7477;0.0391;0.2128;10;0.0000;0.9500;32.2475;relu
0.7435;0.0390;0.2365;10;0.0000;0.9950;32.2893;sigmoid
0.7497;0.0390;0.2425;10;0.0000;0.9950;32.2589;relu
0.5558;0.0395;0.1260;10;0.0001;0.5000;12.5363;sigmoid
0.5885;0.0395;0.1604;10;0.0001;0.5000;11.7947;relu
0.5478;0.0396;0.1252;10;0.0001;0.5500;30.8444;sigmoid
0.5902;0.0396;0.1158;10;0.0001;0.5500;29.9788;relu
0.6463;0.0392;0.1981;10;0.0001;0.7500;31.5707;sigmoid
0.6167;0.0395;0.1006;10;0.0001;0.7500;29.9719;relu
0.7310;0.0389;0.2527;10;0.0001;0.9500;32.4807;sigmoid
0.7535;0.0390;0.2236;10;0.0001;0.9500;32.7652;relu
0.7507;0.0387;0.3018;10;0.0001;0.9950;32.1589;sigmoid
0.7388;0.0390;0.2394;10;0.0001;0.9950;32.3838;relu
0.5618;0.0395;0.1343;10;0.0010;0.5000;12.5733;sigmoid
0.5302;0.0397;0.1078;10;0.0010;0.5000;11.8919;relu
0.5546;0.0395;0.1242;10;0.0010;0.5500;30.4559;sigmoid
0.5441;0.0396;0.1118;10;0.0010;0.5500;29.7876;relu
0.6385;0.0391;0.2266;10;0.0010;0.7500;31.0822;sigmoid
0.6138;0.0395;0.0898;10;0.0010;0.7500;30.1156;relu
0.7360;0.0389;0.2529;10;0.0010;0.9500;32.5596;sigmoid
0.7464;0.0390;0.1921;10;0.0010;0.9500;30.5348;relu
0.7192;0.0390;0.2245;10;0.0010;0.9950;32.7688;sigmoid
0.7400;0.0390;0.2321;10;0.0010;0.9950;31.3840;relu
0.5340;0.0395;0.1284;10;0.0100;0.5000;12.4615;sigmoid
0.5302;0.0397;0.1120;10;0.0100;0.5000;11.9935;relu
0.5503;0.0395;0.1327;10;0.0100;0.5500;30.5324;sigmoid
0.5791;0.0395;0.1516;10;0.0100;0.5500;29.6512;relu
0.6062;0.0393;0.1597;10;0.0100;0.7500;30.9043;sigmoid
0.6627;0.0393;0.1345;10;0.0100;0.7500;29.3942;relu
0.7307;0.0389;0.2449;10;0.0100;0.9500;30.6281;sigmoid
0.7308;0.0392;0.1931;10;0.0100;0.9500;29.6520;relu
0.7204;0.0390;0.2379;10;0.0100;0.9950;31.9991;sigmoid
0.7448;0.0390;0.2173;10;0.0100;0.9950;29.4626;relu
0.5095;0.0395;0.1142;10;0.1000;0.5000;12.3613;sigmoid
0.5428;0.0398;0.0576;10;0.1000;0.5000;11.9335;relu
0.5398;0.0394;0.1223;10;0.1000;0.5500;30.0171;sigmoid
0.5250;0.0398;0.0795;10;0.1000;0.5500;30.0128;relu
0.5871;0.0393;0.1771;10;0.1000;0.7500;30.2937;sigmoid
0.6179;0.0394;0.1910;10;0.1000;0.7500;29.6185;relu
0.7382;0.0389;0.2513;10;0.1000;0.9500;29.9981;sigmoid
0.7463;0.0390;0.2126;10;0.1000;0.9500;29.7600;relu
0.7212;0.0390;0.2285;10;0.1000;0.9950;30.6601;sigmoid
0.7307;0.0393;0.1502;10;0.1000;0.9950;29.8045;relu
0.4950;0.0395;0.1455;10;1.0000;0.5000;12.4776;sigmoid
0.4887;0.0399;0.0827;10;1.0000;0.5000;11.9608;relu
0.4879;0.0396;0.1256;10;1.0000;0.5500;30.3367;sigmoid
0.5082;0.0399;0.0274;10;1.0000;0.5500;29.7367;relu
0.5270;0.0395;0.1178;10;1.0000;0.7500;30.1414;sigmoid
0.6619;0.0394;0.1309;10;1.0000;0.7500;29.7417;relu
0.7039;0.0389;0.2714;10;1.0000;0.9500;30.6124;sigmoid
0.7479;0.0392;0.1424;10;1.0000;0.9500;29.4689;relu
0.7177;0.0391;0.1710;10;1.0000;0.9950;30.1418;sigmoid
0.7130;0.0392;0.1531;10;1.0000;0.9950;29.7992;relu
0.4494;0.0395;0.1015;10;10.0000;0.5000;12.4347;sigmoid
0.4585;0.0390;0.2220;10;10.0000;0.5000;11.8946;relu
0.4584;0.0394;0.1577;10;10.0000;0.5500;30.0830;sigmoid
0.4384;0.0389;0.2322;10;10.0000;0.5500;29.4968;relu
0.5888;0.0391;0.2524;10;10.0000;0.7500;30.0651;sigmoid
0.5853;0.0390;0.1851;10;10.0000;0.7500;29.4486;relu
0.7087;0.0390;0.1879;10;10.0000;0.9500;30.1875;sigmoid
0.7489;0.0387;0.2990;10;10.0000;0.9500;29.9745;relu
0.7251;0.0391;0.1652;10;10.0000;0.9950;30.2881;sigmoid
0.7474;0.0390;0.1806;10;10.0000;0.9950;29.8992;relu
0.6294;0.0397;0.0568;15;0.0000;0.5000;13.0312;sigmoid
0.6457;0.0393;0.1537;15;0.0000;0.5000;12.4206;relu
0.6591;0.0396;0.1152;15;0.0000;0.5500;30.4212;sigmoid
0.6697;0.0394;0.1480;15;0.0000;0.5500;30.0333;relu
0.7305;0.0392;0.1994;15;0.0000;0.7500;30.6372;sigmoid
0.7449;0.0391;0.2320;15;0.0000;0.7500;29.9726;relu
0.7567;0.0391;0.2042;15;0.0000;0.9500;30.4738;sigmoid
0.7657;0.0390;0.2347;15;0.0000;0.9500;30.1306;relu
0.7347;0.0390;0.2380;15;0.0000;0.9950;30.6848;sigmoid
0.7263;0.0388;0.2681;15;0.0000;0.9950;30.6045;relu
0.6049;0.0395;0.1479;15;0.0000;0.5000;12.9800;sigmoid
0.6112;0.0396;0.1235;15;0.0000;0.5000;12.1487;relu
0.6385;0.0393;0.1813;15;0.0000;0.5500;31.5934;sigmoid
0.5830;0.0396;0.1119;15;0.0000;0.5500;31.0069;relu
0.6858;0.0392;0.1847;15;0.0000;0.7500;31.8297;sigmoid
0.6495;0.0394;0.0901;15;0.0000;0.7500;31.1769;relu
0.7581;0.0389;0.2494;15;0.0000;0.9500;31.6933;sigmoid
0.7516;0.0390;0.2030;15;0.0000;0.9500;30.8147;relu
0.7424;0.0389;0.2478;15;0.0000;0.9950;32.1673;sigmoid
0.7401;0.0389;0.2359;15;0.0000;0.9950;31.7447;relu
0.6305;0.0393;0.1813;15;0.0000;0.5000;13.0043;sigmoid
0.6161;0.0396;0.1282;15;0.0000;0.5000;12.1010;relu
0.6020;0.0395;0.1235;15;0.0000;0.5500;31.6818;sigmoid
0.5505;0.0398;0.0964;15;0.0000;0.5500;30.8649;relu
0.6938;0.0391;0.2154;15;0.0000;0.7500;31.6988;sigmoid
0.6377;0.0395;0.0970;15;0.0000;0.7500;31.1442;relu
0.7467;0.0389;0.2427;15;0.0000;0.9500;31.9881;sigmoid
0.7483;0.0390;0.2015;15;0.0000;0.9500;30.9925;relu
0.6999;0.0392;0.1435;15;0.0000;0.9950;32.1701;sigmoid
0.7544;0.0389;0.2493;15;0.0000;0.9950;31.4646;relu
0.6241;0.0393;0.1798;15;0.0000;0.5000;12.8885;sigmoid
0.6106;0.0396;0.1090;15;0.0000;0.5000;12.1249;relu
0.5866;0.0395;0.1278;15;0.0000;0.5500;31.7358;sigmoid
0.6016;0.0395;0.1450;15;0.0000;0.5500;31.2518;relu
0.7015;0.0390;0.2740;15;0.0000;0.7500;32.2169;sigmoid
0.6312;0.0394;0.1267;15;0.0000;0.7500;31.3923;relu
0.7487;0.0388;0.2768;15;0.0000;0.9500;32.2334;sigmoid
0.7561;0.0392;0.1828;15;0.0000;0.9500;31.5158;relu
0.7512;0.0388;0.3062;15;0.0000;0.9950;32.4699;sigmoid
0.7121;0.0390;0.2440;15;0.0000;0.9950;31.6948;relu
0.5771;0.0395;0.1201;15;0.0000;0.5000;13.0445;sigmoid
0.5441;0.0398;0.1015;15;0.0000;0.5000;12.0159;relu
0.5764;0.0395;0.1211;15;0.0000;0.5500;31.5737;sigmoid
0.5365;0.0398;0.0976;15;0.0000;0.5500;30.6124;relu
0.6864;0.0390;0.2669;15;0.0000;0.7500;32.2728;sigmoid
0.6602;0.0393;0.1394;15;0.0000;0.7500;31.5240;relu
0.7455;0.0389;0.2380;15;0.0000;0.9500;32.4182;sigmoid
0.7536;0.0390;0.2165;15;0.0000;0.9500;31.6138;relu
0.7361;0.0391;0.2052;15;0.0000;0.9950;32.3715;sigmoid
0.7380;0.0389;0.2440;15;0.0000;0.9950;31.5664;relu
0.5701;0.0395;0.1270;15;0.0000;0.5000;12.9962;sigmoid
0.5465;0.0398;0.1023;15;0.0000;0.5000;12.0294;relu
0.5964;0.0394;0.1600;15;0.0000;0.5500;31.3197;sigmoid
0.5605;0.0399;0.0509;15;0.0000;0.5500;30.3842;relu
0.6402;0.0392;0.1688;15;0.0000;0.7500;32.1053;sigmoid
0.6089;0.0397;0.0756;15;0.0000;0.7500;31.0151;relu
0.7436;0.0387;0.2822;15;0.0000;0.9500;32.5684;sigmoid
0.7408;0.0391;0.2102;15;0.0000;0.9500;32.2040;relu
0.7391;0.0389;0.2468;15;0.0000;0.9950;32.4035;sigmoid
0.7046;0.0390;0.2268;15;0.0000;0.9950;31.8566;relu
0.5636;0.0395;0.1432;15;0.0001;0.5000;12.8917;sigmoid
0.5803;0.0396;0.0845;15;0.0001;0.5000;12.1942;relu
0.5591;0.0395;0.1246;15;0.0001;0.5500;31.4910;sigmoid
0.5719;0.0399;0.0480;15;0.0001;0.5500;30.3625;relu
0.6344;0.0391;0.1720;15;0.0001;0.7500;31.7870;sigmoid
0.6588;0.0394;0.1238;15;0.0001;0.7500;30.5526;relu
0.7407;0.0390;0.2479;15;0.0001;0.9500;32.7158;sigmoid
0.7574;0.0390;0.2236;15;0.0001;0.9500;32.3013;relu
0.7414;0.0389;0.2669;15;0.0001;0.9950;32.5742;sigmoid
0.7374;0.0390;0.2213;15;0.0001;0.9950;32.1600;relu
0.5359;0.0395;0.1237;15;0.0010;0.5000;12.8667;sigmoid
0.5257;0.0398;0.0941;15;0.0010;0.5000;11.9344;relu
0.5353;0.0396;0.1260;15;0.0010;0.5500;30.7675;sigmoid
0.5665;0.0396;0.1140;15;0.0010;0.5500;30.0243;relu
0.6176;0.0392;0.1936;15;0.0010;0.7500;31.3215;sigmoid
0.6243;0.0395;0.1120;15;0.0010;0.7500;29.8801;relu
0.7398;0.0389;0.2473;15;0.0010;0.9500;32.4894;sigmoid
0.7525;0.0390;0.2699;15;0.0010;0.9500;30.3872;relu
0.6953;0.0391;0.1466;15;0.0010;0.9950;32.8105;sigmoid
0.7332;0.0390;0.2183;15;0.0010;0.9950;31.6010;relu
0.5339;0.0395;0.1369;15;0.0100;0.5000;12.9387;sigmoid
0.5596;0.0396;0.1297;15;0.0100;0.5000;11.9490;relu
0.5182;0.0396;0.1119;15;0.0100;0.5500;30.4328;sigmoid
0.5754;0.0394;0.1692;15;0.0100;0.5500;29.9046;relu
0.6396;0.0391;0.2128;15;0.0100;0.7500;30.7038;sigmoid
0.6469;0.0393;0.2124;15;0.0100;0.7500;30.2361;relu
0.7336;0.0389;0.2271;15;0.0100;0.9500;31.1167;sigmoid
0.7474;0.0390;0.2190;15;0.0100;0.9500;29.9266;relu
0.7235;0.0389;0.2516;15;0.0100;0.9950;32.2530;sigmoid
0.7275;0.0389;0.2854;15;0.0100;0.9950;30.2297;relu
0.5169;0.0395;0.1317;15;0.1000;0.5000;12.9054;sigmoid
0.5214;0.0398;0.1092;15;0.1000;0.5000;11.9778;relu
0.4937;0.0397;0.0993;15;0.1000;0.5500;30.7017;sigmoid
0.5236;0.0398;0.0780;15;0.1000;0.5500;29.7172;relu
0.5986;0.0393;0.1619;15;0.1000;0.7500;30.6375;sigmoid
0.6760;0.0392;0.2069;15;0.1000;0.7500;30.0629;relu
0.7398;0.0389;0.2766;15;0.1000;0.9500;30.9013;sigmoid
0.7406;0.0390;0.1926;15;0.1000;0.9500;29.5765;relu
0.7095;0.0389;0.2658;15;0.1000;0.9950;30.4770;sigmoid
0.7497;0.0390;0.2157;15;0.1000;0.9950;29.9321;relu
0.3586;0.0400;0.0370;15;1.0000;0.5000;12.7783;sigmoid
0.5602;0.0398;0.0495;15;1.0000;0.5000;11.9033;relu
0.4890;0.0393;0.1491;15;1.0000;0.5500;30.6553;sigmoid
0.4845;0.0400;0.0273;15;1.0000;0.5500;29.9781;relu
0.5634;0.0393;0.1598;15;1.0000;0.7500;30.5928;sigmoid
0.6525;0.0391;0.1091;15;1.0000;0.7500;30.0366;relu
0.6840;0.0390;0.2197;15;1.0000;0.9500;30.7691;sigmoid
0.7303;0.0392;0.1271;15;1.0000;0.9500;29.7376;relu
0.6917;0.0391;0.1621;15;1.0000;0.9950;30.3393;sigmoid
0.7341;0.0390;0.2166;15;1.0000;0.9950;30.0295;relu
0.5223;0.0393;0.1713;15;10.0000;0.5000;12.7314;sigmoid
0.4533;0.0390;0.1756;15;10.0000;0.5000;12.2296;relu
0.4008;0.0395;0.1471;15;10.0000;0.5500;30.3846;sigmoid
0.4410;0.0389;0.2396;15;10.0000;0.5500;30.0386;relu
0.6043;0.0392;0.1929;15;10.0000;0.7500;30.3942;sigmoid
0.5117;0.0390;0.1960;15;10.0000;0.7500;29.7337;relu
0.7268;0.0390;0.2762;15;10.0000;0.9500;30.5181;sigmoid
0.7137;0.0391;0.1784;15;10.0000;0.9500;29.9219;relu
0.7251;0.0393;0.1276;15;10.0000;0.9950;30.5848;sigmoid
0.7428;0.0388;0.3397;15;10.0000;0.9950;30.3070;relu
0.6639;0.0394;0.1460;20;0.0000;0.5000;13.2512;sigmoid
0.6675;0.0394;0.1473;20;0.0000;0.5000;12.6479;relu
0.6793;0.0393;0.1696;20;0.0000;0.5500;30.9598;sigmoid
0.6680;0.0393;0.1609;20;0.0000;0.5500;30.3340;relu
0.7265;0.0392;0.2302;20;0.0000;0.7500;31.2142;sigmoid
0.7423;0.0391;0.2396;20;0.0000;0.7500;30.5846;relu
0.7581;0.0391;0.1968;20;0.0000;0.9500;31.1094;sigmoid
0.7678;0.0390;0.2452;20;0.0000;0.9500;30.5342;relu
0.7376;0.0390;0.2429;20;0.0000;0.9950;31.5656;sigmoid
0.7510;0.0390;0.2430;20;0.0000;0.9950;30.1599;relu
0.6377;0.0393;0.1810;20;0.0000;0.5000;13.5495;sigmoid
0.5483;0.0398;0.0982;20;0.0000;0.5000;12.4881;relu
0.6130;0.0395;0.1243;20;0.0000;0.5500;32.4297;sigmoid
0.5516;0.0398;0.0966;20;0.0000;0.5500;31.1485;relu
0.6811;0.0392;0.2079;20;0.0000;0.7500;32.2081;sigmoid
0.6470;0.0394;0.1065;20;0.0000;0.7500;31.2529;relu
0.7697;0.0388;0.2521;20;0.0000;0.9500;32.0341;sigmoid
0.7701;0.0389;0.2299;20;0.0000;0.9500;31.2660;relu
0.7491;0.0388;0.2723;20;0.0000;0.9950;32.6019;sigmoid
0.7409;0.0389;0.2475;20;0.0000;0.9950;31.4728;relu
0.6007;0.0395;0.1369;20;0.0000;0.5000;13.4531;sigmoid
0.5588;0.0398;0.0852;20;0.0000;0.5000;12.3929;relu
0.6285;0.0394;0.1597;20;0.0000;0.5500;32.3293;sigmoid
0.5591;0.0397;0.0985;20;0.0000;0.5500;31.1838;relu
0.6503;0.0393;0.1464;20;0.0000;0.7500;32.4102;sigmoid
0.6668;0.0393;0.1844;20;0.0000;0.7500;31.3404;relu
0.7627;0.0388;0.2603;20;0.0000;0.9500;33.1494;sigmoid
0.7440;0.0390;0.2389;20;0.0000;0.9500;32.0370;relu
0.7263;0.0389;0.2749;20;0.0000;0.9950;33.0175;sigmoid
0.7443;0.0389;0.2515;20;0.0000;0.9950;31.8541;relu
0.5878;0.0395;0.1417;20;0.0000;0.5000;13.4498;sigmoid
0.5576;0.0398;0.1032;20;0.0000;0.5000;12.5162;relu
0.5941;0.0395;0.1493;20;0.0000;0.5500;32.7343;sigmoid
0.5947;0.0396;0.1216;20;0.0000;0.5500;31.2951;relu
0.6819;0.0391;0.1801;20;0.0000;0.7500;32.5468;sigmoid
0.6498;0.0394;0.1305;20;0.0000;0.7500;32.1318;relu
0.7404;0.0391;0.1977;20;0.0000;0.9500;32.5266;sigmoid
0.7541;0.0389;0.2221;20;0.0000;0.9500;31.7677;relu
0.7337;0.0390;0.2200;20;0.0000;0.9950;32.7142;sigmoid
0.7417;0.0389;0.2556;20;0.0000;0.9950;31.9565;relu
0.5760;0.0395;0.1181;20;0.0000;0.5000;13.3699;sigmoid
0.5513;0.0398;0.0996;20;0.0000;0.5000;12.3535;relu
0.5689;0.0396;0.1237;20;0.0000;0.5500;32.1809;sigmoid
0.5542;0.0399;0.0583;20;0.0000;0.5500;30.6405;relu
0.6993;0.0390;0.2846;20;0.0000;0.7500;32.5505;sigmoid
0.6154;0.0395;0.1066;20;0.0000;0.7500;31.7644;relu
0.7440;0.0389;0.2380;20;0.0000;0.9500;33.1688;sigmoid
0.7526;0.0390;0.2374;20;0.0000;0.9500;32.0328;relu
0.7530;0.0388;0.2881;20;0.0000;0.9950;32.9995;sigmoid
0.7308;0.0390;0.2483;20;0.0000;0.9950;32.3186;relu
0.5620;0.0395;0.1147;20;0.0000;0.5000;13.3846;sigmoid
0.5618;0.0398;0.0833;20;0.0000;0.5000;12.3650;relu
0.6032;0.0394;0.1579;20;0.0000;0.5500;31.9772;sigmoid
0.5373;0.0398;0.0973;20;0.0000;0.5500;30.6977;relu
0.6791;0.0390;0.2655;20;0.0000;0.7500;32.5944;sigmoid
0.6451;0.0394;0.1833;20;0.0000;0.7500;31.2299;relu
0.7485;0.0387;0.2608;20;0.0000;0.9500;33.4377;sigmoid
0.7412;0.0391;0.2143;20;0.0000;0.9500;32.2147;relu
0.7292;0.0389;0.2601;20;0.0000;0.9950;32.8848;sigmoid
0.7368;0.0391;0.2014;20;0.0000;0.9950;33.2663;relu
0.5488;0.0396;0.1265;20;0.0001;0.5000;13.4053;sigmoid
0.5438;0.0397;0.1037;20;0.0001;0.5000;12.4469;relu
0.5527;0.0395;0.1210;20;0.0001;0.5500;31.4351;sigmoid
0.5367;0.0397;0.0997;20;0.0001;0.5500;30.2539;relu
0.6798;0.0390;0.2745;20;0.0001;0.7500;32.6367;sigmoid
0.6668;0.0393;0.1762;20;0.0001;0.7500;30.9334;relu
0.7296;0.0389;0.2665;20;0.0001;0.9500;33.1169;sigmoid
0.7515;0.0390;0.2360;20;0.0001;0.9500;32.9055;relu
0.7350;0.0388;0.2462;20;0.0001;0.9950;33.3262;sigmoid
0.7564;0.0390;0.2314;20;0.0001;0.9950;32.9664;relu
0.5569;0.0395;0.1232;20;0.0010;0.5000;13.4897;sigmoid
0.5397;0.0397;0.1061;20;0.0010;0.5000;12.6067;relu
0.5547;0.0395;0.1235;20;0.0010;0.5500;31.2591;sigmoid
0.5416;0.0397;0.1000;20;0.0010;0.5500;30.2426;relu
0.6554;0.0390;0.1997;20;0.0010;0.7500;31.7434;sigmoid
0.6078;0.0396;0.0900;20;0.0010;0.7500;30.7909;relu
0.7481;0.0388;0.2552;20;0.0010;0.9500;32.9294;sigmoid
0.7608;0.0389;0.2125;20;0.0010;0.9500;30.8897;relu
0.7268;0.0389;0.2427;20;0.0010;0.9950;33.5201;sigmoid
0.7430;0.0390;0.2473;20;0.0010;0.9950;31.9568;relu
0.5294;0.0395;0.1426;20;0.0100;0.5000;13.4489;sigmoid
0.5052;0.0398;0.0592;20;0.0100;0.5000;12.8593;relu
0.5099;0.0396;0.1068;20;0.0100;0.5500;31.0458;sigmoid
0.5291;0.0398;0.1144;20;0.0100;0.5500;30.1419;relu
0.6379;0.0391;0.2342;20;0.0100;0.7500;31.2229;sigmoid
0.6906;0.0392;0.1974;20;0.0100;0.7500;30.4548;relu
0.7330;0.0388;0.2799;20;0.0100;0.9500;31.4578;sigmoid
0.7496;0.0390;0.2126;20;0.0100;0.9500;30.2720;relu
0.7267;0.0390;0.2167;20;0.0100;0.9950;32.2263;sigmoid
0.7385;0.0391;0.1837;20;0.0100;0.9950;30.2766;relu
0.4741;0.0396;0.0939;20;0.1000;0.5000;13.4132;sigmoid
0.4489;0.0401;0.0269;20;0.1000;0.5000;12.4318;relu
0.5009;0.0396;0.1091;20;0.1000;0.5500;31.2914;sigmoid
0.4989;0.0400;0.0557;20;0.1000;0.5500;30.4704;relu
0.6014;0.0394;0.1491;20;0.1000;0.7500;31.0835;sigmoid
0.6402;0.0394;0.1693;20;0.1000;0.7500;30.0106;relu
0.7270;0.0390;0.2327;20;0.1000;0.9500;30.9622;sigmoid
0.7207;0.0391;0.1334;20;0.1000;0.9500;30.1461;relu
0.7444;0.0388;0.2853;20;0.1000;0.9950;31.5601;sigmoid
0.7097;0.0394;0.1084;20;0.1000;0.9950;30.5895;relu
0.4898;0.0395;0.1415;20;1.0000;0.5000;17.5819;sigmoid
0.5862;0.0394;0.1217;20;1.0000;0.5000;16.7801;relu
0.5266;0.0394;0.1004;20;1.0000;0.5500;31.1883;sigmoid
0.4768;0.0400;0.0238;20;1.0000;0.5500;30.3650;relu
0.5812;0.0393;0.2243;20;1.0000;0.7500;31.1057;sigmoid
0.6742;0.0392;0.1164;20;1.0000;0.7500;30.0038;relu
0.6833;0.0391;0.1875;20;1.0000;0.9500;31.1260;sigmoid
0.7306;0.0392;0.1193;20;1.0000;0.9500;30.4522;relu
0.7091;0.0391;0.1781;20;1.0000;0.9950;31.1376;sigmoid
0.7335;0.0392;0.1493;20;1.0000;0.9950;30.0286;relu
0.4585;0.0395;0.1312;20;10.0000;0.5000;13.5161;sigmoid
0.4384;0.0389;0.2000;20;10.0000;0.5000;12.5534;relu
0.4639;0.0392;0.1490;20;10.0000;0.5500;30.9466;sigmoid
0.4120;0.0393;0.1861;20;10.0000;0.5500;30.1874;relu
0.5948;0.0390;0.2247;20;10.0000;0.7500;31.6281;sigmoid
0.4780;0.0391;0.1976;20;10.0000;0.7500;30.0326;relu
0.7204;0.0391;0.1508;20;10.0000;0.9500;31.1364;sigmoid
0.6784;0.0389;0.2946;20;10.0000;0.9500;29.8895;relu
0.7294;0.0392;0.1078;20;10.0000;0.9950;30.8762;sigmoid
0.5999;0.0397;0.1186;20;10.0000;0.9950;30.5653;relu
